CREATE TABLE HIS_ORIENTACION_OFT (
HORIO_ID NUMBER,
TORI_ID NUMBER,
HORIO_FCH TIMESTAMP,
FUN_ID NUMBER(5,0),
PES_ID NUMBER,
OFT_ID NUMBER,
HORIO_DESCRIPCION VARCHAR2(255),
FECHA_REGISTRO DATE,
EVENTO_ID NUMBER,
PDC_ID NUMBER,
CONSTRAINT HIS_ORIENTACION_OFT_PK PRIMARY KEY (HORIO_ID),
CONSTRAINT SYS_C0021782 CHECK ("HORIO_ID" IS NOT NULL),
CONSTRAINT SYS_C0021783 CHECK ("TORI_ID" IS NOT NULL),
CONSTRAINT SYS_C0021784 CHECK ("HORIO_FCH" IS NOT NULL),
CONSTRAINT SYS_C0021785 CHECK ("FUN_ID" IS NOT NULL),
CONSTRAINT SYS_C0021786 CHECK ("OFT_ID" IS NOT NULL)
);


CREATE UNIQUE INDEX HIS_ORIENTACION_OFT_PK ON HIS_ORIENTACION_OFT (HORIO_ID);


CREATE TABLE FUNCIONARIO (
FUN_ID NUMBER(5,0),
OFT_ID NUMBER(9,0),
FUN_FCH_REGISTRO DATE,
FUN_ESTADO NUMBER(1,0),
CSPE_ID NUMBER(7,0),
REG_ID NUMBER(2,0),
USR_NOMBRE VARCHAR2(50),
FUN_VER_TODAS_REGIONALES NUMBER(1,0) DEFAULT 0 ,
CONSTRAINT CSPE_FUN_NULL CHECK ("CSPE_ID" IS NOT NULL),
CONSTRAINT FUN_ESTADO_CHK CHECK (FUN_ESTADO in (0,1)),
CONSTRAINT FUN_ESTADO_NULL CHECK ("FUN_ESTADO" IS NOT NULL),
CONSTRAINT FUN_FCH_REGISTRO_NULL CHECK ("FUN_FCH_REGISTRO" IS NOT NULL),
CONSTRAINT FUN_ID_NULL CHECK ("FUN_ID" IS NOT NULL),
CONSTRAINT FUN_PK PRIMARY KEY (FUN_ID),
CONSTRAINT OFT_FUN_NULL CHECK ("OFT_ID" IS NOT NULL),
CONSTRAINT REG_FUN_NULL CHECK ("REG_ID" IS NOT NULL),
CONSTRAINT SYS_C0021347 CHECK ("FUN_VER_TODAS_REGIONALES" IS NOT NULL)
);

CREATE INDEX FUNCIONARIO_FUN_ESTADO ON FUNCIONARIO (FUN_ESTADO);

CREATE UNIQUE INDEX FUN_PK ON FUNCIONARIO (FUN_ID);

CREATE INDEX KD_FUNCIONARIO ON FUNCIONARIO (FUN_ID,REG_ID);

CREATE INDEX OFT_FUN_UK ON FUNCIONARIO (OFT_ID);



--  foreign keys

-- FUNCIONARIO foreign keys
ALTER TABLE FUNCIONARIO ADD CONSTRAINT CSPE_FUN_FK
FOREIGN KEY (CSPE_ID) REFERENCES CENTRO_SPE(CSPE_ID);

ALTER TABLE FUNCIONARIO ADD CONSTRAINT FK_FUNCIONARIO_SEC_USUARIO
FOREIGN KEY (USR_NOMBRE) REFERENCES SEC_USUARIO(USU_ID);

ALTER TABLE FUNCIONARIO ADD CONSTRAINT OFT_FUN_FK
FOREIGN KEY (OFT_ID) REFERENCES OFERTA(OFT_ID);

ALTER TABLE FUNCIONARIO ADD CONSTRAINT REG_FUN_FK
FOREIGN KEY (REG_ID) REFERENCES REGIONAL(REG_ID);


CREATE TABLE SEC_USUARIO (
	USU_ID VARCHAR2(255),
	TDI_ID NUMBER(1,0),
	USU_NUMERO_DOC NUMBER(20,0),
	USU_PASSWORD VARCHAR2(50),
	USU_ACTIVO NUMBER(1,0) DEFAULT 1,
	USU_BLOQUEADO NUMBER(1,0) DEFAULT 0,
	USU_EMAIL VARCHAR2(512),
	USU_FCH_REGISTRO DATE,
	USU_TIPO NUMBER(1,0) DEFAULT 0 ,
	CONSTRAINT SYS_C0022769 CHECK ("USU_ID" IS NOT NULL),
	CONSTRAINT SYS_C0022770 CHECK ("TDI_ID" IS NOT NULL),
	CONSTRAINT SYS_C0022771 CHECK ("USU_NUMERO_DOC" IS NOT NULL),
	CONSTRAINT SYS_C0022772 CHECK ("USU_PASSWORD" IS NOT NULL),
	CONSTRAINT SYS_C0022773 CHECK ("USU_TIPO" IS NOT NULL),
	CONSTRAINT SYS_C0024054 PRIMARY KEY (USU_ID)
);
DROP TABLE sec_usuario
CREATE INDEX SUS_NUM_IDENTIFICACION ON SEC_USUARIO (USU_NUMERO_DOC);
CREATE UNIQUE INDEX SYS_C0024054 ON SEC_USUARIO (USU_ID);


CREATE TABLE OFERTA (
OFT_ID NUMBER(9,0),
TDI_ID NUMBER(1,0),
OFT_IDENTIFICACION NUMBER(20,0),
OFT_NOMBRES VARCHAR2(70),
OFT_PRIMER_APELLIDO VARCHAR2(40),
OFT_SEGUNDO_APELLIDO VARCHAR2(40),
OFT_GENERO NUMBER(1,0),
OFT_FCH_NACIMIENTO DATE,
ESC_ID NUMBER(1,0),
OFT_LIB_MILITAR NUMBER(1,0),
ETR_ID NUMBER(1,0),
PAI_ID NUMBER(3,0),
DPT_ID NUMBER(7,0),
MPO_ID NUMBER(9,0),
ZON_ID NUMBER(12,0),
BAR_ID NUMBER(6,0),
OFT_DIRECCION VARCHAR2(100),
OFT_TEL VARCHAR2(20),
OFT_EXT_TEL NUMBER(6,0),
OFT_TEL_ALT VARCHAR2(20),
OFT_EXT_TEL_ALT NUMBER(6,0),
OFT_TEL_CEL VARCHAR2(20),
OFT_BEEPER VARCHAR2(20),
OFT_CORREO_E VARCHAR2(50),
OFT_TIEMPO_BUSQUEDA NUMBER(4,0),
OFT_PERSONAS_CARGO NUMBER(2,0),
PSF_ID NUMBER(1,0),
OFT_MED_INSCRIPCION NUMBER(1,0),
OFT_AUTORIZACION VARCHAR2(1),
OFT_CLAVE NUMBER(10,0),
OFT_PREGUNTA VARCHAR2(40),
OFT_RESPUESTA VARCHAR2(40),
OFT_SUELDO_ACEPTARIA NUMBER(9,0),
OFT_SISBEN_NIVEL NUMBER(2,0),
OFT_SISBEN_PUNTAJE NUMBER(3,0),
OFT_SISBEN_TIPO NUMBER(1,0),
OFT_SISBEN_FCH_FIN DATE,
OFT_SISBEN_MPO NUMBER(9,0),
FUN_ID NUMBER(5,0),
CSPE_ID NUMBER(7,0),
REG_ID NUMBER(2,0),
FUN_ID_ACTUALIZA NUMBER(5,0),
CSPE_ID_ACTUALIZA NUMBER(7,0),
OFT_IDENTIFICACION_MPO NUMBER(9,0),
OFT_NACIMIENTO_MPO NUMBER(9,0),
SUE_ID NUMBER(3,0),
OFT_IND_TEL NUMBER(5,0),
OFT_IND_TEL_ALT NUMBER(5,0),
OFT_MIGRANTE NUMBER(1,0),
OFT_ES_RURAL NUMBER(1,0),
OFT_SOPORTE NUMBER(1,0),
OFT_SOPORTE_URL VARCHAR2(100),
OFT_TEL_CEL_ALT VARCHAR2(20),
OFT_TARJETA_IDENTIDAD NUMBER,
OFT_EVENTO NUMBER,
OFT_SOPORTE_OCCRE NUMBER(1,0),
OFT_OCCRE_URL VARCHAR2(100),
CONSTRAINT ESC_OFT_NULL CHECK ("ESC_ID" IS NOT NULL),
CONSTRAINT ETR_OFT_NULL CHECK ("ETR_ID" IS NOT NULL),
CONSTRAINT OFT_AUTORIZACION_CHK CHECK (OFT_AUTORIZACION in (0,1,2,3)),
CONSTRAINT OFT_AUTORIZACION_NULL CHECK ("OFT_AUTORIZACION" IS NOT NULL),
CONSTRAINT OFT_CLAVE_NULL CHECK ("OFT_CLAVE" IS NOT NULL),
CONSTRAINT OFT_DIRECCION_NULL CHECK ("OFT_DIRECCION" IS NOT NULL),
CONSTRAINT OFT_FCH_NACIMIENTO_NULL CHECK ("OFT_FCH_NACIMIENTO" IS NOT NULL),
CONSTRAINT OFT_GENERO_CHK CHECK (OFT_GENERO in (0,1)),
CONSTRAINT OFT_GENERO_NULL CHECK ("OFT_GENERO" IS NOT NULL),
CONSTRAINT OFT_IDENTIFICACION_NULL CHECK ("OFT_IDENTIFICACION" IS NOT NULL),
CONSTRAINT OFT_IDENTIFICACION_UK_UC UNIQUE (OFT_IDENTIFICACION),
CONSTRAINT OFT_ID_NULL CHECK ("OFT_ID" IS NOT NULL),
CONSTRAINT OFT_LIB_MILITAR_CHK CHECK (OFT_LIB_MILITAR in (0,1,2)),
CONSTRAINT OFT_LIB_MILITAR_NULL CHECK ("OFT_LIB_MILITAR" IS NOT NULL),
CONSTRAINT OFT_MED_INSCRIPCION_CHK CHECK (OFT_MED_INSCRIPCION in (0,1)),
CONSTRAINT OFT_MED_INSCRIPCION_NULL CHECK ("OFT_MED_INSCRIPCION" IS NOT NULL),
CONSTRAINT OFT_NOMBRES_NULL CHECK ("OFT_NOMBRES" IS NOT NULL),
CONSTRAINT OFT_PERSONAS_CARGO_NULL CHECK ("OFT_PERSONAS_CARGO" IS NOT NULL),
CONSTRAINT OFT_PK PRIMARY KEY (OFT_ID),
CONSTRAINT OFT_PREGUNTA_NULL CHECK ("OFT_PREGUNTA" IS NOT NULL),
CONSTRAINT OFT_PRIMER_APELLIDO_NULL CHECK ("OFT_PRIMER_APELLIDO" IS NOT NULL),
CONSTRAINT OFT_RESPUESTA_NULL CHECK ("OFT_RESPUESTA" IS NOT NULL),
CONSTRAINT OFT_SISBEN_NIVEL_CHK CHECK (OFT_SISBEN_NIVEL in (1,2,3,4,5,6)),
CONSTRAINT OFT_SISBEN_TIPO_CHK CHECK (OFT_SISBEN_TIPO in (0,1)),
CONSTRAINT OFT_SUELDO_ACEPTARIA_NULL CHECK ("OFT_SUELDO_ACEPTARIA" IS NOT NULL),
CONSTRAINT OFT_TIEMPO_BUSQUEDA_NULL CHECK ("OFT_TIEMPO_BUSQUEDA" IS NOT NULL),
CONSTRAINT PAI_OFT_NULL CHECK ("PAI_ID" IS NOT NULL),
CONSTRAINT REG_OFT_NULL CHECK ("REG_ID" IS NOT NULL),
CONSTRAINT TDI_OFT_NULL CHECK ("TDI_ID" IS NOT NULL)
);



CREATE TABLE CENTRO_SPE (
CSPE_ID NUMBER(7,0),
CSPE_NOMBRE VARCHAR2(80),
CSPE_DIRECCION VARCHAR2(100),
CSPE_TEL VARCHAR2(30),
CSPE_TEL_ALT VARCHAR2(30),
CSPE_CORREO_E VARCHAR2(50),
CSPE_CORREO_E_ALT VARCHAR2(50),
CSPE_ESTADO NUMBER(1,0),
REG_ID NUMBER(2,0),
MPO_ID NUMBER(9,0),
TIPO_CSPE NUMBER(1,0) DEFAULT 0 ,
CSPE_ATENCION VARCHAR2(100),
CSPE_RESPONSABLE VARCHAR2(100),
CSPE_CODIGO_SOFIA NUMBER(5,0) DEFAULT 0,
CONSTRAINT CSPE_DIRECCION_NULL CHECK ("CSPE_DIRECCION" IS NOT NULL),
CONSTRAINT CSPE_ESTADO_CHK CHECK (CSPE_ESTADO in (0,1)),
CONSTRAINT CSPE_ESTADO_NULL CHECK ("CSPE_ESTADO" IS NOT NULL),
CONSTRAINT CSPE_ID_NULL CHECK ("CSPE_ID" IS NOT NULL),
CONSTRAINT CSPE_NOMBRE_NULL CHECK ("CSPE_NOMBRE" IS NOT NULL),
CONSTRAINT CSPE_PK PRIMARY KEY (CSPE_ID),
CONSTRAINT CSPE_TEL_NULL CHECK ("CSPE_TEL" IS NOT NULL),
CONSTRAINT CSPE_TIPO_NULL CHECK ("TIPO_CSPE" IS NOT NULL),
CONSTRAINT MPO_CSPE_NULL CHECK ("MPO_ID" IS NOT NULL),
CONSTRAINT REG_CSPE_NULL CHECK ("REG_ID" IS NOT NULL)
);

CREATE UNIQUE INDEX CSPE_PK ON CENTRO_SPE (CSPE_ID);


CREATE TABLE REGIONAL (
REG_ID NUMBER(2,0),
REG_NOMBRE VARCHAR2(50),
REG_DIRECCION VARCHAR2(100),
REG_TEL VARCHAR2(20),
REG_TEL_ALT VARCHAR2(20),
REG_FAX VARCHAR2(20),
REG_CORREO_E VARCHAR2(50),
REG_CORREO_E_ALT VARCHAR2(50),
MPO_ID NUMBER(9,0),
CONSTRAINT MPO_REG_NULL CHECK ("MPO_ID" IS NOT NULL),
CONSTRAINT REG_CORREO_E_NULL CHECK ("REG_CORREO_E" IS NOT NULL),
CONSTRAINT REG_DIRECCION_NULL CHECK ("REG_DIRECCION" IS NOT NULL),
CONSTRAINT REG_FAX_NULL CHECK ("REG_FAX" IS NOT NULL),
CONSTRAINT REG_ID_NULL CHECK ("REG_ID" IS NOT NULL),
CONSTRAINT REG_NOMBRE_NULL CHECK ("REG_NOMBRE" IS NOT NULL),
CONSTRAINT REG_PK PRIMARY KEY (REG_ID),
CONSTRAINT REG_TEL_NULL CHECK ("REG_TEL" IS NOT NULL)
);

CREATE UNIQUE INDEX REG_PK ON REGIONAL (REG_ID);




CREATE TABLE AC_COLOCACIONES (
OFT_ID NUMBER(10,0),
ENV_ID NUMBER(10,0),
TIPO_IDENTIFICACION VARCHAR2(4),
IDENTIFICACION NUMBER(20,0),
NOMBRES VARCHAR2(80),
PRIMER_APELLIDO VARCHAR2(80),
SEGUNDO_APELLIDO VARCHAR2(80),
GENERO VARCHAR2(20),
PAI_ID NUMBER(4,0),
DPT_ID NUMBER(8,0),
DEPARTAMENTO VARCHAR2(60),
MPO_ID NUMBER(15,0),
MUNICIPIO VARCHAR2(60),
SOLICITUD NUMBER(10,0),
OCU_ID NUMBER(8,0),
OCUPACION VARCHAR2(200),
DENOMINACION VARCHAR2(200),
EMP_ID NUMBER(8,0),
EMPRESA VARCHAR2(200),
FECHA_COLOCACION DATE,
ES_EGRESADO NUMBER(1,0),
FECHA_NACIMIENTO DATE,
MPO_ID_NACIMIENTO NUMBER(15,0)
);



CREATE TABLE AC_ORIENTADOS (
OFT_ID NUMBER(10,0),
HORIO_ID NUMBER(10,0),
TIPO_IDENTIFICACION VARCHAR2(4),
IDENTIFICACION NUMBER(20,0),
NOMBRES VARCHAR2(80),
PRIMER_APELLIDO VARCHAR2(80),
SEGUNDO_APELLIDO VARCHAR2(80),
GENERO VARCHAR2(20),
PAI_ID NUMBER(4,0),
DPT_ID NUMBER(8,0),
DEPARTAMENTO VARCHAR2(60),
MPO_ID NUMBER(15,0),
MUNICIPIO VARCHAR2(60),
FECHA_PRIMERA_ORIENTACION DATE,
FECHA_NACIMIENTO DATE,
MPO_ID_NACIMIENTO NUMBER(15,0)
);


CREATE TABLE AC_INSCRITOS (
OFT_ID NUMBER(10,0),
TIPO_IDENTIFICACION VARCHAR2(4),
IDENTIFICACION NUMBER(20,0),
NOMBRES VARCHAR2(80),
PRIMER_APELLIDO VARCHAR2(80),
SEGUNDO_APELLIDO VARCHAR2(80),
GENERO VARCHAR2(20),
PAI_ID NUMBER(4,0),
DPT_ID NUMBER(8,0),
DEPARTAMENTO VARCHAR2(60),
MPO_ID NUMBER(15,0),
MUNICIPIO VARCHAR2(60),
FECHA_INSCRIPCION DATE,
FECHA_NACIMIENTO DATE,
MPO_ID_NACIMIENTO NUMBER(15,0)
);


CREATE TABLE RUV (
TIPO_IDENTIFICACION VARCHAR2(4),
IDENTIFICACION NUMBER(20,0),
TPB_ID NUMBER(3,0),
ID_PERSONA NUMBER(20,0),
ESTADO NUMBER(1,0),
DESCRIPCION VARCHAR2(40)
);

CREATE INDEX IND_RUV ON RUV (TIPO_IDENTIFICACION,IDENTIFICACION);



CREATE TABLE TIPO_POBLACION_SOFIA_RUV (
TPB_ID VARCHAR2(3),
TIPO_POBLACION_SOFIA VARCHAR2(90)
);


CREATE TABLE MUNICIPIOS_CARACTERIZADOS (
MPO_ID NUMBER(9,0),
ES_PDET NUMBER(1,0),
ES_PNIS NUMBER(1,0),
RURALIDAD VARCHAR2(30)
);

-- 1. Inserción en la tabla REGIONAL
INSERT INTO REGIONAL (REG_ID, REG_NOMBRE, REG_DIRECCION, REG_TEL, REG_TEL_ALT, REG_FAX, REG_CORREO_E, REG_CORREO_E_ALT, MPO_ID) VALUES
(1, 'Regional 1', 'Dirección 1', '12345671', '76543211', '123-4561', 'regional1@email.com', 'alt1@email.com', 101);
INSERT INTO REGIONAL (REG_ID, REG_NOMBRE, REG_DIRECCION, REG_TEL, REG_TEL_ALT, REG_FAX, REG_CORREO_E, REG_CORREO_E_ALT, MPO_ID) VALUES
(2, 'Regional 2', 'Dirección 2', '12345672', '76543212', '123-4562', 'regional2@email.com', 'alt2@email.com', 102);
INSERT INTO REGIONAL (REG_ID, REG_NOMBRE, REG_DIRECCION, REG_TEL, REG_TEL_ALT, REG_FAX, REG_CORREO_E, REG_CORREO_E_ALT, MPO_ID) VALUES
(3, 'Regional 3', 'Dirección 3', '12345673', '76543213', '123-4563', 'regional3@email.com', 'alt3@email.com', 103);
INSERT INTO REGIONAL (REG_ID, REG_NOMBRE, REG_DIRECCION, REG_TEL, REG_TEL_ALT, REG_FAX, REG_CORREO_E, REG_CORREO_E_ALT, MPO_ID) VALUES
(4, 'Regional 4', 'Dirección 4', '12345674', '76543214', '123-4564', 'regional4@email.com', 'alt4@email.com', 104);
INSERT INTO REGIONAL (REG_ID, REG_NOMBRE, REG_DIRECCION, REG_TEL, REG_TEL_ALT, REG_FAX, REG_CORREO_E, REG_CORREO_E_ALT, MPO_ID) VALUES
(5, 'Regional 5', 'Dirección 5', '12345675', '76543215', '123-4565', 'regional5@email.com', 'alt5@email.com', 105);

-- 3. Inserción en la tabla SEC_USUARIO
INSERT INTO SEC_USUARIO (USU_ID, TDI_ID, USU_NUMERO_DOC, USU_PASSWORD, USU_ACTIVO, USU_BLOQUEADO, USU_EMAIL, USU_FCH_REGISTRO, USU_TIPO) VALUES
('user1', 2, 10001, 'password1', 1, 0, 'user1@example.com', TO_DATE('2022-08-18', 'YYYY-MM-DD'), 0);
INSERT INTO SEC_USUARIO (USU_ID, TDI_ID, USU_NUMERO_DOC, USU_PASSWORD, USU_ACTIVO, USU_BLOQUEADO, USU_EMAIL, USU_FCH_REGISTRO, USU_TIPO) VALUES
('user2', 1, 10002, 'password2', 1, 0, 'user2@example.com', TO_DATE('2021-01-19', 'YYYY-MM-DD'), 0);
INSERT INTO SEC_USUARIO (USU_ID, TDI_ID, USU_NUMERO_DOC, USU_PASSWORD, USU_ACTIVO, USU_BLOQUEADO, USU_EMAIL, USU_FCH_REGISTRO, USU_TIPO) VALUES
('user3', 1, 10003, 'password3', 1, 0, 'user3@example.com', TO_DATE('2022-03-10', 'YYYY-MM-DD'), 0);
INSERT INTO SEC_USUARIO (USU_ID, TDI_ID, USU_NUMERO_DOC, USU_PASSWORD, USU_ACTIVO, USU_BLOQUEADO, USU_EMAIL, USU_FCH_REGISTRO, USU_TIPO) VALUES
('user4', 3, 10004, 'password4', 1, 0, 'user4@example.com', TO_DATE('2021-10-08', 'YYYY-MM-DD'), 0);
INSERT INTO SEC_USUARIO (USU_ID, TDI_ID, USU_NUMERO_DOC, USU_PASSWORD, USU_ACTIVO, USU_BLOQUEADO, USU_EMAIL, USU_FCH_REGISTRO, USU_TIPO) VALUES
('user5', 3, 10005, 'password5', 1, 0, 'user5@example.com', TO_DATE('2021-04-02', 'YYYY-MM-DD'), 0);

-- 4. Inserción en la tabla CENTRO_SPE
INSERT INTO CENTRO_SPE (CSPE_ID, CSPE_NOMBRE, CSPE_DIRECCION, CSPE_TEL, CSPE_TEL_ALT, CSPE_CORREO_E, CSPE_CORREO_E_ALT, CSPE_ESTADO, REG_ID, MPO_ID) VALUES
(1, 'Centro 1', 'Dirección 1', '98765431', '34567891', 'centro1@email.com', 'alt_centro1@email.com', 1, 1, 201);
INSERT INTO CENTRO_SPE (CSPE_ID, CSPE_NOMBRE, CSPE_DIRECCION, CSPE_TEL, CSPE_TEL_ALT, CSPE_CORREO_E, CSPE_CORREO_E_ALT, CSPE_ESTADO, REG_ID, MPO_ID) VALUES
(2, 'Centro 2', 'Dirección 2', '98765432', '34567892', 'centro2@email.com', 'alt_centro2@email.com', 1, 2, 202);
INSERT INTO CENTRO_SPE (CSPE_ID, CSPE_NOMBRE, CSPE_DIRECCION, CSPE_TEL, CSPE_TEL_ALT, CSPE_CORREO_E, CSPE_CORREO_E_ALT, CSPE_ESTADO, REG_ID, MPO_ID) VALUES
(3, 'Centro 3', 'Dirección 3', '98765433', '34567893', 'centro3@email.com', 'alt_centro3@email.com', 1, 3, 203);
INSERT INTO CENTRO_SPE (CSPE_ID, CSPE_NOMBRE, CSPE_DIRECCION, CSPE_TEL, CSPE_TEL_ALT, CSPE_CORREO_E, CSPE_CORREO_E_ALT, CSPE_ESTADO, REG_ID, MPO_ID) VALUES
(4, 'Centro 4', 'Dirección 4', '98765434', '34567894', 'centro4@email.com', 'alt_centro4@email.com', 1, 4, 204);
INSERT INTO CENTRO_SPE (CSPE_ID, CSPE_NOMBRE, CSPE_DIRECCION, CSPE_TEL, CSPE_TEL_ALT, CSPE_CORREO_E, CSPE_CORREO_E_ALT, CSPE_ESTADO, REG_ID, MPO_ID) VALUES
(5, 'Centro 5', 'Dirección 5', '98765435', '34567895', 'centro5@email.com', 'alt_centro5@email.com', 1, 5, 205);

-- 5. Inserción en la tabla HIS_ORIENTACION_OFT
INSERT INTO HIS_ORIENTACION_OFT (HORIO_ID, TORI_ID, HORIO_FCH, FUN_ID, PES_ID, OFT_ID, HORIO_DESCRIPCION, FECHA_REGISTRO, EVENTO_ID, PDC_ID) VALUES
(1, 1, TO_TIMESTAMP('2022-01-10 10:00:00', 'YYYY-MM-DD HH24:MI:SS'), 1, 1, 1, 'Descripción 1', TO_DATE('2022-01-10', 'YYYY-MM-DD'), 1, 1);
INSERT INTO HIS_ORIENTACION_OFT (HORIO_ID, TORI_ID, HORIO_FCH, FUN_ID, PES_ID, OFT_ID, HORIO_DESCRIPCION, FECHA_REGISTRO, EVENTO_ID, PDC_ID) VALUES
(2, 2, TO_TIMESTAMP('2023-03-15 11:30:00', 'YYYY-MM-DD HH24:MI:SS'), 2, 2, 2, 'Descripción 2', TO_DATE('2023-03-15', 'YYYY-MM-DD'), 2, 2);
INSERT INTO HIS_ORIENTACION_OFT (HORIO_ID, TORI_ID, HORIO_FCH, FUN_ID, PES_ID, OFT_ID, HORIO_DESCRIPCION, FECHA_REGISTRO, EVENTO_ID, PDC_ID) VALUES
(3, 3, TO_TIMESTAMP('2023-05-20 14:00:00', 'YYYY-MM-DD HH24:MI:SS'), 3, 3, 3, 'Descripción 3', TO_DATE('2023-05-20', 'YYYY-MM-DD'), 3, 3);
INSERT INTO HIS_ORIENTACION_OFT (HORIO_ID, TORI_ID, HORIO_FCH, FUN_ID, PES_ID, OFT_ID, HORIO_DESCRIPCION, FECHA_REGISTRO, EVENTO_ID, PDC_ID) VALUES
(4, 4, TO_TIMESTAMP('2022-12-25 09:00:00', 'YYYY-MM-DD HH24:MI:SS'), 4, 4, 4, 'Descripción 4', TO_DATE('2022-12-25', 'YYYY-MM-DD'), 4, 4);
INSERT INTO HIS_ORIENTACION_OFT (HORIO_ID, TORI_ID, HORIO_FCH, FUN_ID, PES_ID, OFT_ID, HORIO_DESCRIPCION, FECHA_REGISTRO, EVENTO_ID, PDC_ID) VALUES
(5, 5, TO_TIMESTAMP('2023-06-30 16:45:00', 'YYYY-MM-DD HH24:MI:SS'), 5, 5, 5, 'Descripción 5', TO_DATE('2023-06-30', 'YYYY-MM-DD'), 5, 5);

-- 6. Inserción en la tabla OFERTA
INSERT INTO OFERTA (OFT_ID, TDI_ID, OFT_IDENTIFICACION, OFT_NOMBRES, OFT_PRIMER_APELLIDO, OFT_SEGUNDO_APELLIDO, OFT_GENERO, OFT_FCH_NACIMIENTO, ESC_ID, OFT_LIB_MILITAR, ETR_ID, PAI_ID, DPT_ID, MPO_ID, OFT_DIRECCION, OFT_TEL, OFT_CORREO_E, OFT_SUELDO_ACEPTARIA, REG_ID, OFT_TIEMPO_BUSQUEDA, OFT_AUTORIZACION, OFT_CLAVE, OFT_PREGUNTA, OFT_RESPUESTA, OFT_SISBEN_NIVEL, OFT_SISBEN_TIPO, OFT_PERSONAS_CARGO, OFT_MED_INSCRIPCION) VALUES
(1, 3, 5001, 'Nombre1', 'Apellido1_1', 'Apellido2_1', 1, TO_DATE('1980-03-10', 'YYYY-MM-DD'), 4, 2, 3, 101, 301, 401, 'Calle 1', '123451', 'persona1@example.com', 25374, 1, 325, 1, 5348, 'Pregunta_1', 'Respuesta_1', 5, 1, 0, 1);
INSERT INTO OFERTA (OFT_ID, TDI_ID, OFT_IDENTIFICACION, OFT_NOMBRES, OFT_PRIMER_APELLIDO, OFT_SEGUNDO_APELLIDO, OFT_GENERO, OFT_FCH_NACIMIENTO, ESC_ID, OFT_LIB_MILITAR, ETR_ID, PAI_ID, DPT_ID, MPO_ID, OFT_DIRECCION, OFT_TEL, OFT_CORREO_E, OFT_SUELDO_ACEPTARIA, REG_ID, OFT_TIEMPO_BUSQUEDA, OFT_AUTORIZACION, OFT_CLAVE, OFT_PREGUNTA, OFT_RESPUESTA, OFT_SISBEN_NIVEL, OFT_SISBEN_TIPO, OFT_PERSONAS_CARGO, OFT_MED_INSCRIPCION) VALUES
(2, 2, 5002, 'Nombre2', 'Apellido1_2', 'Apellido2_2', 1, TO_DATE('1988-04-07', 'YYYY-MM-DD'), 2, 2, 1, 102, 302, 402, 'Calle 2', '123452', 'persona2@example.com', 37080, 2, 227, 3, 5320, 'Pregunta_2', 'Respuesta_2', 5, 0, 1, 0);
INSERT INTO OFERTA (OFT_ID, TDI_ID, OFT_IDENTIFICACION, OFT_NOMBRES, OFT_PRIMER_APELLIDO, OFT_SEGUNDO_APELLIDO, OFT_GENERO, OFT_FCH_NACIMIENTO, ESC_ID, OFT_LIB_MILITAR, ETR_ID, PAI_ID, DPT_ID, MPO_ID, OFT_DIRECCION, OFT_TEL, OFT_CORREO_E, OFT_SUELDO_ACEPTARIA, REG_ID, OFT_TIEMPO_BUSQUEDA, OFT_AUTORIZACION, OFT_CLAVE, OFT_PREGUNTA, OFT_RESPUESTA, OFT_SISBEN_NIVEL, OFT_SISBEN_TIPO, OFT_PERSONAS_CARGO, OFT_MED_INSCRIPCION) VALUES
(3, 1, 5003, 'Nombre3', 'Apellido1_3', 'Apellido2_3', 1, TO_DATE('1986-12-17', 'YYYY-MM-DD'), 4, 2, 5, 103, 303, 403, 'Calle 3', '123453', 'persona3@example.com', 32274, 3, 123, 2, 2739, 'Pregunta_3', 'Respuesta_3', 2, 0, 0, 1);
INSERT INTO OFERTA (OFT_ID, TDI_ID, OFT_IDENTIFICACION, OFT_NOMBRES, OFT_PRIMER_APELLIDO, OFT_SEGUNDO_APELLIDO, OFT_GENERO, OFT_FCH_NACIMIENTO, ESC_ID, OFT_LIB_MILITAR, ETR_ID, PAI_ID, DPT_ID, MPO_ID, OFT_DIRECCION, OFT_TEL, OFT_CORREO_E, OFT_SUELDO_ACEPTARIA, REG_ID, OFT_TIEMPO_BUSQUEDA, OFT_AUTORIZACION, OFT_CLAVE, OFT_PREGUNTA, OFT_RESPUESTA, OFT_SISBEN_NIVEL, OFT_SISBEN_TIPO, OFT_PERSONAS_CARGO, OFT_MED_INSCRIPCION) VALUES
(4, 2, 5004, 'Nombre4', 'Apellido1_4', 'Apellido2_4', 1, TO_DATE('1992-02-20', 'YYYY-MM-DD'), 5, 2, 1, 104, 304, 404, 'Calle 4', '123454', 'persona4@example.com', 33065, 4, 226, 3, 3397, 'Pregunta_4', 'Respuesta_4', 2, 1, 0, 1);
INSERT INTO OFERTA (OFT_ID, TDI_ID, OFT_IDENTIFICACION, OFT_NOMBRES, OFT_PRIMER_APELLIDO, OFT_SEGUNDO_APELLIDO, OFT_GENERO, OFT_FCH_NACIMIENTO, ESC_ID, OFT_LIB_MILITAR, ETR_ID, PAI_ID, DPT_ID, MPO_ID, OFT_DIRECCION, OFT_TEL, OFT_CORREO_E, OFT_SUELDO_ACEPTARIA, REG_ID, OFT_TIEMPO_BUSQUEDA, OFT_AUTORIZACION, OFT_CLAVE, OFT_PREGUNTA, OFT_RESPUESTA, OFT_SISBEN_NIVEL, OFT_SISBEN_TIPO, OFT_PERSONAS_CARGO, OFT_MED_INSCRIPCION) VALUES
(5, 1, 5005, 'Nombre5', 'Apellido1_5', 'Apellido2_5', 0, TO_DATE('1987-11-16', 'YYYY-MM-DD'), 1, 2, 2, 105, 305, 405, 'Calle 5', '123455', 'persona5@example.com', 41756, 5, 216, 1, 1809, 'Pregunta_5', 'Respuesta_5', 1, 0, 5, 0);

-- 6. Inserción en la tabla HIS_ORIENTACION_OFT
INSERT INTO FUNCIONARIO (FUN_ID, OFT_ID, FUN_FCH_REGISTRO, FUN_ESTADO, CSPE_ID, REG_ID, USR_NOMBRE, FUN_VER_TODAS_REGIONALES) VALUES
(1, 1, TO_DATE('2023-12-04', 'YYYY-MM-DD'), 0, 1, 1, 'user1', 1);
INSERT INTO FUNCIONARIO (FUN_ID, OFT_ID, FUN_FCH_REGISTRO, FUN_ESTADO, CSPE_ID, REG_ID, USR_NOMBRE, FUN_VER_TODAS_REGIONALES) VALUES
(2, 2, TO_DATE('2022-01-27', 'YYYY-MM-DD'), 1, 2, 2, 'user2', 0);
INSERT INTO FUNCIONARIO (FUN_ID, OFT_ID, FUN_FCH_REGISTRO, FUN_ESTADO, CSPE_ID, REG_ID, USR_NOMBRE, FUN_VER_TODAS_REGIONALES) VALUES
(3, 3, TO_DATE('2022-05-18', 'YYYY-MM-DD'), 0, 3, 3, 'user3', 1);
INSERT INTO FUNCIONARIO (FUN_ID, OFT_ID, FUN_FCH_REGISTRO, FUN_ESTADO, CSPE_ID, REG_ID, USR_NOMBRE, FUN_VER_TODAS_REGIONALES) VALUES
(4, 4, TO_DATE('2021-07-01', 'YYYY-MM-DD'), 0, 4, 4, 'user4', 0);
INSERT INTO FUNCIONARIO (FUN_ID, OFT_ID, FUN_FCH_REGISTRO, FUN_ESTADO, CSPE_ID, REG_ID, USR_NOMBRE, FUN_VER_TODAS_REGIONALES) VALUES
(5, 5, TO_DATE('2022-12-20', 'YYYY-MM-DD'), 0, 5, 5, 'user5', 1);


-- Datos para la tabla RUV
INSERT INTO RUV (TIPO_IDENTIFICACION, IDENTIFICACION, TPB_ID, ID_PERSONA, ESTADO, DESCRIPCION) VALUES
('CC', 10001, 1, 20001, 0, 'Estado_1');
INSERT INTO RUV (TIPO_IDENTIFICACION, IDENTIFICACION, TPB_ID, ID_PERSONA, ESTADO, DESCRIPCION) VALUES
('CC', 10002, 5, 20002, 0, 'Estado_2');
INSERT INTO RUV (TIPO_IDENTIFICACION, IDENTIFICACION, TPB_ID, ID_PERSONA, ESTADO, DESCRIPCION) VALUES
('CC', 10003, 1, 20003, 0, 'Estado_3');
INSERT INTO RUV (TIPO_IDENTIFICACION, IDENTIFICACION, TPB_ID, ID_PERSONA, ESTADO, DESCRIPCION) VALUES
('CC', 10004, 5, 20004, 0, 'Estado_4');
INSERT INTO RUV (TIPO_IDENTIFICACION, IDENTIFICACION, TPB_ID, ID_PERSONA, ESTADO, DESCRIPCION) VALUES
('CC', 10005, 5, 20005, 1, 'Estado_5');

-- Datos para la tabla AC_INSCRITOS
INSERT INTO AC_INSCRITOS (OFT_ID, TIPO_IDENTIFICACION, IDENTIFICACION, NOMBRES, PRIMER_APELLIDO, SEGUNDO_APELLIDO, GENERO, PAI_ID, DPT_ID, DEPARTAMENTO, MPO_ID, MUNICIPIO, FECHA_INSCRIPCION, FECHA_NACIMIENTO, MPO_ID_NACIMIENTO) VALUES
(1, 'CC', 10001, 'Nombre_1', 'Apellido1_1', 'Apellido2_1', 'Masculino', 6, 298, 'Departamento_1', 1113, 'Municipio_1', TO_DATE('2022-01-18', 'YYYY-MM-DD'), TO_DATE('1982-07-10', 'YYYY-MM-DD'), 6439);
INSERT INTO AC_INSCRITOS (OFT_ID, TIPO_IDENTIFICACION, IDENTIFICACION, NOMBRES, PRIMER_APELLIDO, SEGUNDO_APELLIDO, GENERO, PAI_ID, DPT_ID, DEPARTAMENTO, MPO_ID, MUNICIPIO, FECHA_INSCRIPCION, FECHA_NACIMIENTO, MPO_ID_NACIMIENTO) VALUES
(2, 'CC', 10002, 'Nombre_2', 'Apellido1_2', 'Apellido2_2', 'Masculino', 1, 316, 'Departamento_2', 8625, 'Municipio_2', TO_DATE('2021-12-01', 'YYYY-MM-DD'), TO_DATE('1991-03-14', 'YYYY-MM-DD'), 9287);
INSERT INTO AC_INSCRITOS (OFT_ID, TIPO_IDENTIFICACION, IDENTIFICACION, NOMBRES, PRIMER_APELLIDO, SEGUNDO_APELLIDO, GENERO, PAI_ID, DPT_ID, DEPARTAMENTO, MPO_ID, MUNICIPIO, FECHA_INSCRIPCION, FECHA_NACIMIENTO, MPO_ID_NACIMIENTO) VALUES
(3, 'CC', 10003, 'Nombre_3', 'Apellido1_3', 'Apellido2_3', 'Masculino', 3, 593, 'Departamento_3', 8059, 'Municipio_3', TO_DATE('2021-05-07', 'YYYY-MM-DD'), TO_DATE('1983-02-04', 'YYYY-MM-DD'), 1056);
INSERT INTO AC_INSCRITOS (OFT_ID, TIPO_IDENTIFICACION, IDENTIFICACION, NOMBRES, PRIMER_APELLIDO, SEGUNDO_APELLIDO, GENERO, PAI_ID, DPT_ID, DEPARTAMENTO, MPO_ID, MUNICIPIO, FECHA_INSCRIPCION, FECHA_NACIMIENTO, MPO_ID_NACIMIENTO) VALUES
(4, 'CC', 10004, 'Nombre_4', 'Apellido1_4', 'Apellido2_4', 'Masculino', 2, 825, 'Departamento_4', 2234, 'Municipio_4', TO_DATE('2022-04-02', 'YYYY-MM-DD'), TO_DATE('1981-12-18', 'YYYY-MM-DD'), 5727);
INSERT INTO AC_INSCRITOS (OFT_ID, TIPO_IDENTIFICACION, IDENTIFICACION, NOMBRES, PRIMER_APELLIDO, SEGUNDO_APELLIDO, GENERO, PAI_ID, DPT_ID, DEPARTAMENTO, MPO_ID, MUNICIPIO, FECHA_INSCRIPCION, FECHA_NACIMIENTO, MPO_ID_NACIMIENTO) VALUES
(5, 'CC', 10005, 'Nombre_5', 'Apellido1_5', 'Apellido2_5', 'Masculino', 9, 470, 'Departamento_5', 8089, 'Municipio_5', TO_DATE('2022-02-20', 'YYYY-MM-DD'), TO_DATE('1993-05-11', 'YYYY-MM-DD'), 8259);

-- Datos para la tabla AC_ORIENTADOS
INSERT INTO AC_ORIENTADOS (OFT_ID, HORIO_ID, TIPO_IDENTIFICACION, IDENTIFICACION, NOMBRES, PRIMER_APELLIDO, SEGUNDO_APELLIDO, GENERO, PAI_ID, DPT_ID, DEPARTAMENTO, MPO_ID, MUNICIPIO, FECHA_PRIMERA_ORIENTACION, FECHA_NACIMIENTO, MPO_ID_NACIMIENTO) VALUES
(1, 201, 'CC', 10001, 'Nombre_1', 'Apellido1_1', 'Apellido2_1', 'Femenino', 10, 819, 'Departamento_1', 3127, 'Municipio_1', TO_DATE('2023-08-22', 'YYYY-MM-DD'), TO_DATE('1995-09-12', 'YYYY-MM-DD'), 2373);
INSERT INTO AC_ORIENTADOS (OFT_ID, HORIO_ID, TIPO_IDENTIFICACION, IDENTIFICACION, NOMBRES, PRIMER_APELLIDO, SEGUNDO_APELLIDO, GENERO, PAI_ID, DPT_ID, DEPARTAMENTO, MPO_ID, MUNICIPIO, FECHA_PRIMERA_ORIENTACION, FECHA_NACIMIENTO, MPO_ID_NACIMIENTO) VALUES
(2, 202, 'CC', 10002, 'Nombre_2', 'Apellido1_2', 'Apellido2_2', 'Femenino', 10, 819, 'Departamento_2', 3572, 'Municipio_2', TO_DATE('2021-12-15', 'YYYY-MM-DD'), TO_DATE('2000-12-29', 'YYYY-MM-DD'), 6424);
INSERT INTO AC_ORIENTADOS (OFT_ID, HORIO_ID, TIPO_IDENTIFICACION, IDENTIFICACION, NOMBRES, PRIMER_APELLIDO, SEGUNDO_APELLIDO, GENERO, PAI_ID, DPT_ID, DEPARTAMENTO, MPO_ID, MUNICIPIO, FECHA_PRIMERA_ORIENTACION, FECHA_NACIMIENTO, MPO_ID_NACIMIENTO) VALUES
(3, 203, 'CC', 10003, 'Nombre_3', 'Apellido1_3', 'Apellido2_3', 'Femenino', 6, 708, 'Departamento_3', 4050, 'Municipio_3', TO_DATE('2022-01-07', 'YYYY-MM-DD'), TO_DATE('1992-05-21', 'YYYY-MM-DD'), 1914);
INSERT INTO AC_ORIENTADOS (OFT_ID, HORIO_ID, TIPO_IDENTIFICACION, IDENTIFICACION, NOMBRES, PRIMER_APELLIDO, SEGUNDO_APELLIDO, GENERO, PAI_ID, DPT_ID, DEPARTAMENTO, MPO_ID, MUNICIPIO, FECHA_PRIMERA_ORIENTACION, FECHA_NACIMIENTO, MPO_ID_NACIMIENTO) VALUES
(4, 204, 'CC', 10004, 'Nombre_4', 'Apellido1_4', 'Apellido2_4', 'Femenino', 3, 385, 'Departamento_4', 7811, 'Municipio_4', TO_DATE('2023-06-04', 'YYYY-MM-DD'), TO_DATE('2000-11-30', 'YYYY-MM-DD'), 4021);
INSERT INTO AC_ORIENTADOS (OFT_ID, HORIO_ID, TIPO_IDENTIFICACION, IDENTIFICACION, NOMBRES, PRIMER_APELLIDO, SEGUNDO_APELLIDO, GENERO, PAI_ID, DPT_ID, DEPARTAMENTO, MPO_ID, MUNICIPIO, FECHA_PRIMERA_ORIENTACION, FECHA_NACIMIENTO, MPO_ID_NACIMIENTO) VALUES
(5, 205, 'CC', 10005, 'Nombre_5', 'Apellido1_5', 'Apellido2_5', 'Femenino', 1, 175, 'Departamento_5', 4972, 'Municipio_5', TO_DATE('2023-12-26', 'YYYY-MM-DD'), TO_DATE('2003-01-12', 'YYYY-MM-DD'), 1653);

INSERT INTO AC_COLOCACIONES (OFT_ID, ENV_ID, TIPO_IDENTIFICACION, IDENTIFICACION, NOMBRES, PRIMER_APELLIDO, SEGUNDO_APELLIDO, GENERO, PAI_ID, DPT_ID, DEPARTAMENTO, MPO_ID, MUNICIPIO, SOLICITUD, OCU_ID, OCUPACION, DENOMINACION, EMP_ID, EMPRESA, FECHA_COLOCACION, ES_EGRESADO, FECHA_NACIMIENTO, MPO_ID_NACIMIENTO) VALUES
(1, 301, 'CC', 10001, 'Nombre_1', 'Apellido1_1', 'Apellido2_1', 'Masculino', 3, 367, 'Departamento_1', 4897, 'Municipio_1', 91, 2829, 'Ocupacion_1', 'Denominacion_1', 156, 'Empresa_1', TO_DATE('2022-03-18', 'YYYY-MM-DD'), 1, TO_DATE('1994-11-19', 'YYYY-MM-DD'), 7345);
INSERT INTO AC_COLOCACIONES (OFT_ID, ENV_ID, TIPO_IDENTIFICACION, IDENTIFICACION, NOMBRES, PRIMER_APELLIDO, SEGUNDO_APELLIDO, GENERO, PAI_ID, DPT_ID, DEPARTAMENTO, MPO_ID, MUNICIPIO, SOLICITUD, OCU_ID, OCUPACION, DENOMINACION, EMP_ID, EMPRESA, FECHA_COLOCACION, ES_EGRESADO, FECHA_NACIMIENTO, MPO_ID_NACIMIENTO) VALUES
(2, 302, 'CC', 10002, 'Nombre_2', 'Apellido1_2', 'Apellido2_2', 'Masculino', 7, 806, 'Departamento_2', 3759, 'Municipio_2', 6, 2069, 'Ocupacion_2', 'Denominacion_2', 116, 'Empresa_2', TO_DATE('2022-01-16', 'YYYY-MM-DD'), 1, TO_DATE('1991-02-13', 'YYYY-MM-DD'), 8878);
INSERT INTO AC_COLOCACIONES (OFT_ID, ENV_ID, TIPO_IDENTIFICACION, IDENTIFICACION, NOMBRES, PRIMER_APELLIDO, SEGUNDO_APELLIDO, GENERO, PAI_ID, DPT_ID, DEPARTAMENTO, MPO_ID, MUNICIPIO, SOLICITUD, OCU_ID, OCUPACION, DENOMINACION, EMP_ID, EMPRESA, FECHA_COLOCACION, ES_EGRESADO, FECHA_NACIMIENTO, MPO_ID_NACIMIENTO) VALUES
(3, 303, 'CC', 10003, 'Nombre_3', 'Apellido1_3', 'Apellido2_3', 'Masculino', 6, 179, 'Departamento_3', 2770, 'Municipio_3', 41, 2699, 'Ocupacion_3', 'Denominacion_3', 360, 'Empresa_3', TO_DATE('2022-03-11', 'YYYY-MM-DD'), 1, TO_DATE('1988-08-09', 'YYYY-MM-DD'), 5745);
INSERT INTO AC_COLOCACIONES (OFT_ID, ENV_ID, TIPO_IDENTIFICACION, IDENTIFICACION, NOMBRES, PRIMER_APELLIDO, SEGUNDO_APELLIDO, GENERO, PAI_ID, DPT_ID, DEPARTAMENTO, MPO_ID, MUNICIPIO, SOLICITUD, OCU_ID, OCUPACION, DENOMINACION, EMP_ID, EMPRESA, FECHA_COLOCACION, ES_EGRESADO, FECHA_NACIMIENTO, MPO_ID_NACIMIENTO) VALUES
(4, 304, 'CC', 10004, 'Nombre_4', 'Apellido1_4', 'Apellido2_4', 'Masculino', 4, 308, 'Departamento_4', 6357, 'Municipio_4', 47, 1585, 'Ocupacion_4', 'Denominacion_4', 470, 'Empresa_4', TO_DATE('2023-03-25', 'YYYY-MM-DD'), 1, TO_DATE('2001-09-29', 'YYYY-MM-DD'), 4967);
INSERT INTO AC_COLOCACIONES (OFT_ID, ENV_ID, TIPO_IDENTIFICACION, IDENTIFICACION, NOMBRES, PRIMER_APELLIDO, SEGUNDO_APELLIDO, GENERO, PAI_ID, DPT_ID, DEPARTAMENTO, MPO_ID, MUNICIPIO, SOLICITUD, OCU_ID, OCUPACION, DENOMINACION, EMP_ID, EMPRESA, FECHA_COLOCACION, ES_EGRESADO, FECHA_NACIMIENTO, MPO_ID_NACIMIENTO) VALUES
(5, 305, 'CC', 10005, 'Nombre_5', 'Apellido1_5', 'Apellido2_5', 'Masculino', 7, 668, 'Departamento_5', 5630, 'Municipio_5', 98, 9684, 'Ocupacion_5', 'Denominacion_5', 331, 'Empresa_5', TO_DATE('2023-01-10', 'YYYY-MM-DD'), 0, TO_DATE('1989-04-01', 'YYYY-MM-DD'), 3193);
